{
  "project_info": {
    "project_number": "454987657158",
    "firebase_url": "https://chatreal-43794-default-rtdb.firebaseio.com",
    "project_id": "chatreal-43794",
    "storage_bucket": "chatreal-43794.appspot.com"
  },
  "client": [
    {
      "client_info": {
        "mobilesdk_app_id": "1:454987657158:android:9ee70df84ce26175a80cc7",
        "android_client_info": {
          "package_name": "com.example.debermoviles"
        }
      },
      "oauth_client": [
        {
          "client_id": "454987657158-r32hv5q4lf88h0j6i5v2o1v76tj6jmc2.apps.googleusercontent.com",
          "client_type": 3
        }
      ],
      "api_key": [
        {
          "current_key": "AIzaSyCUhcuse5W6vXS8v2xUsqH5daV1OysGbC8"
        }
      ],
      "services": {
        "appinvite_service": {
          "other_platform_oauth_client": [
            {
              "client_id": "454987657158-r32hv5q4lf88h0j6i5v2o1v76tj6jmc2.apps.googleusercontent.com",
              "client_type": 3
            }
          ]
        }
      }
    }
  ],
  "configuration_version": "1"
}